nt,N,time
1,1,6.9474e-6
1,10,6.3624e-5
1,50,0.000331694
1,100,0.000668754
1,200,0.001344295
1,400,0.002775934
1,500,0.003481317
1,1000,0.007146422
1,2000,0.015004866
4,1,6.9342e-6
4,10,3.8157e-5
4,50,0.000112506
4,100,0.000191147
4,200,0.000373248
4,400,0.000729324
4,500,0.00090929
4,1000,0.001818181
4,2000,0.003667812
8,1,6.9725e-6
8,10,7.2133e-5
8,50,0.00011445
8,100,0.000202673
8,200,0.000282405
8,400,0.000518047
8,500,0.000877716
8,1000,0.001241494
8,2000,0.002480879
