nt,N,time
1,1,3.6828e-5
1,10,0.000351591
1,50,0.001797684
1,100,0.003710685
1,200,0.008018406
1,400,0.016819505
1,500,0.021259078
1,1000,0.04278304
1,2000,0.086423603
4,1,3.6522e-5
4,10,0.000164028
4,50,0.000583249
4,100,0.001006206
4,200,0.00203416
4,400,0.003970192
4,500,0.005040325
4,1000,0.010413554
4,2000,0.021461188
8,1,3.7389e-5
8,10,0.000159259
8,50,0.000534624
8,100,0.00111331
8,200,0.001732852
8,400,0.003554563
8,500,0.005847662
8,1000,0.009753839
8,2000,0.018192041
